rainfall_mm,humidity_pct,temperature_c,soil_moisture,slope_angle,elevation_m,rainfall_3h,rainfall_trend,wind_speed,landslide
57.7,62.3,24.2,1183,15.6,655,67.7,-0.08,14.1,0
34.6,71.8,22.9,479,14.9,1723,90.6,-0.49,17.9,0
19.8,44.4,33.2,1324,22.7,1789,23.6,0.35,1.3,0
0,20,17.1,425,33.8,1932,0.0,0.08,2.7,0
54.1,63.7,21.2,819,25.5,1829,84.2,0.14,6.2,0
176.1,86.0,28.0,1154,31.2,2207,409.8,0.57,29.4,1
1.5,42.3,15.9,171,26.2,1244,1.6,-0.18,9.5,0
53.9,71.2,17.1,531,16.7,2076,82.5,-0.25,6.6,0
26.3,83.8,28.5,519,31.6,3301,53.1,-0.41,12.8,0
34.9,64.9,13.9,971,28.8,2213,102.7,0.36,9.8,0
126.2,76.1,9.4,1346,37.5,1749,362.1,0.62,33.7,1
110.8,83.0,14.0,1917,31.6,1729,356.5,0.41,28.9,1
0,52.3,21.7,698,24.1,1689,0.0,0.38,12.5,0
102.7,100,3.9,1697,44.7,2513,362.7,0.39,23.7,1
3.9,55.7,27.8,474,28.0,2205,9.6,-0.3,2.6,0
135.8,39.9,25.7,855,29.9,1250,198.3,-0.28,16.8,0
115.5,83.8,23.9,1067,45.3,2027,385.5,0.45,30.6,1
90.5,28.9,24.4,769,18.9,2036,167.2,-0.03,13.6,0
0,20,28.6,877,14.4,2442,0.0,-0.31,4.0,0
156.6,88.0,27.6,841,45.6,1778,626.2,0.89,17.2,1
90.9,44.4,26.6,999,27.3,2093,101.6,-0.12,14.7,0
27.5,41.9,24.3,1649,16.3,852,36.0,-0.2,6.7,0
0,49.3,22.0,597,14.8,1302,0.0,-0.34,12.4,0
135.0,78.1,8.9,1414,44.0,2132,430.5,0.73,14.2,1
0,49.0,27.0,619,23.4,1239,0.0,0.17,8.4,0
59.0,77.9,25.9,1699,24.7,1910,90.3,0.43,11.8,0
54.4,48.1,30.3,1175,21.0,941,161.8,0.15,21.0,0
144.5,78.2,1.9,1499,43.0,2297,367.7,0.72,24.3,1
44.3,84.5,21.2,1046,41.0,1058,52.5,-0.08,9.9,0
32.9,50.9,17.3,679,12.4,1537,37.9,0.38,10.4,0
0,50.4,18.1,616,31.0,1908,0.0,0.3,18.2,0
57.8,88.0,16.8,1517,23.7,1437,133.5,0.95,24.2,1
93.2,55.1,23.3,654,24.2,1152,266.7,0.3,17.2,0
71.2,88.9,11.2,1812,28.6,2027,207.9,0.51,32.5,1
31.1,63.9,24.5,951,42.2,617,48.5,0.14,0,0
88.1,68.3,20.5,885,23.8,1982,107.2,-0.07,8.9,0
11.4,82.6,14.1,679,18.2,1423,27.6,-0.5,16.7,0
10.4,58.6,10.1,625,27.9,1370,16.9,0.35,5.4,0
20.6,74.7,15.2,866,23.5,1850,37.9,0.44,4.3,0
0,52.9,31.6,947,25.0,1004,0.0,-0.04,13.4,0
39.0,79.9,33.6,389,27.0,1784,79.2,0.13,4.3,0
85.6,54.0,17.0,721,27.1,1618,231.1,-0.43,16.8,0
14.2,51.4,18.9,369,25.6,2330,14.4,0.25,10.4,0
13.5,80.3,40.0,604,24.6,1605,25.8,0.3,21.7,0
77.0,58.2,38.0,505,12.9,1082,154.7,0.33,0,0
7.9,46.2,23.0,707,39.2,1660,17.8,-0.23,2.8,0
131.1,94.2,10.8,1739,43.7,2122,444.2,0.79,25.5,1
44.1,49.4,24.7,130,35.4,934,119.7,0.27,5.3,0
62.6,60.6,22.3,112,35.0,1450,156.2,0.05,6.6,0
118.7,86.2,14.6,1167,50.3,1702,348.4,0.39,20.7,1
64.5,63.0,20.3,672,21.6,1389,124.1,-0.45,7.0,0
46.6,61.2,14.2,707,6.1,1597,48.4,0.04,12.5,0
0.2,81.1,24.3,273,25.7,500,0.3,-0.48,11.8,0
44.9,48.4,19.8,540,8.8,1938,112.1,-0.39,17.1,0
46.3,58.1,28.8,742,13.9,500,83.0,0.22,18.2,0
54.6,84.8,30.2,939,14.1,2640,140.1,-0.15,21.9,0
1.4,75.5,13.6,1191,27.1,1388,4.1,0.14,14.5,0
0,55.3,1.4,631,43.0,1042,0.0,0.23,8.4,0
196.2,75.9,24.6,1721,40.3,2347,631.9,0.57,33.4,1
157.5,91.4,24.4,1068,53.9,1803,318.2,0.96,11.9,1
129.2,78.9,14.5,941,34.3,1531,463.3,0.37,20.2,1
82.8,42.2,17.6,390,23.0,1589,199.2,-0.23,4.6,0
163.7,91.6,19.4,1654,40.4,1645,398.2,0.64,14.5,1
0,58.3,25.6,774,31.7,1636,0.0,-0.23,10.9,0
0,50.8,33.3,1131,5,1658,0.0,-0.03,6.4,0
151.7,96.5,11.5,1533,32.7,2404,319.7,0.4,23.1,1
0,98,32.0,1046,11.1,1052,0.0,0.02,3.8,0
41.6,75.3,21.6,402,15.5,1524,58.9,-0.29,0,0
41.9,69.3,22.5,710,12.2,1805,66.3,-0.27,7.5,0
0,44.3,5.2,799,11.4,983,0.0,0.04,0,0
85.0,41.7,26.3,778,19.1,2377,181.8,-0.21,16.5,0
67.7,79.8,18.7,577,25.2,2115,111.3,-0.25,11.6,0
232.4,84.4,0.9,1065,51.9,1898,590.1,0.33,18.4,1
0,69.8,19.5,334,17.7,1382,0.0,-0.17,10.1,0
49.6,47.4,19.7,468,42.3,1291,104.2,-0.05,7.9,0
58.4,42.2,27.4,1138,23.9,1102,80.3,-0.14,8.4,0
0,38.4,24.9,1063,34.6,1364,0.0,-0.38,18.1,0
128.5,93.5,20.4,1274,38.9,2783,375.6,0.38,17.1,1
0,60.3,15.6,687,39.2,500,0.0,0.05,0,0
82.8,86.1,11.0,613,42.4,596,166.9,0.32,17.1,0
120.0,98.1,21.0,1398,45.9,2300,322.8,0.69,9.5,1
19.6,70.5,33.5,503,21.8,1624,48.8,0.21,8.2,0
0,77.4,31.7,100,22.3,1604,0.0,0.09,18.3,0
0,40.4,20.6,647,14.9,1437,0.0,0.47,7.1,0
12.1,35.6,31.3,229,31.2,1222,19.8,0.22,10.7,0
40,98.3,17.5,2000,26.8,1891,87.9,0.74,9.5,1
0,69.6,24.0,648,27.4,1201,0.0,-0.35,2.4,0
21.2,63.5,24.8,987,14.9,1664,27.3,-0.04,23.2,0
139.8,89.1,18.3,792,37.9,1689,403.1,0.54,8.3,1
3.9,60.0,37.5,793,34.4,1234,8.4,0.07,10.5,0
2.9,98,18.5,499,11.1,1294,7.2,-0.45,4.5,0
4.6,52.7,36.0,481,19.2,1145,10.8,0.22,3.7,0
55.9,38.5,31.5,453,21.1,2103,120.7,0.23,14.2,0
45.7,64.3,25.8,100,18.5,514,121.6,-0.24,7.4,0
0,63.7,21.8,427,44.2,2450,0.0,0.47,16.1,0
0,91.8,19.0,347,38.2,2218,0.0,0.17,10.6,0
0,43.0,25.6,647,25.2,1712,0.0,0.06,13.7,0
122.0,95.8,2.2,1301,47.8,2518,318.3,0.64,32.9,1
160.5,85.2,5.4,1528,39.2,935,455.5,0.82,22.7,1
182.7,79.8,14.4,1474,39.4,1603,712.7,0.9,24.3,1
115.3,78.8,19.6,1361,35.8,2055,258.8,0.89,6.7,1
44.5,56.9,21.0,751,17.7,2053,50.6,0.27,15.5,0
161.4,100,12.4,1549,40.5,1882,599.9,0.4,22.2,1
167.7,87.0,12.8,1928,41.3,1927,393.8,0.34,25.1,1
0,55.1,8.3,777,20.2,1580,0.0,0.45,20.1,0
46.5,40.3,20.8,804,24.2,1098,110.3,-0.01,10.8,0
42.9,63.3,19.7,630,22.8,2299,89.9,-0.17,17.4,0
28.5,53.5,19.8,525,6.3,1101,69.6,-0.28,1.7,0
34.3,76.2,14.1,790,33.7,1897,79.9,-0.13,17.8,0
232.7,89.7,11.7,1804,47.5,2093,738.3,0.69,8.6,1
53.5,71.7,15.2,269,35.8,1011,157.1,0.1,5.3,0
192.7,84.8,10.4,1851,49.7,1443,606.7,0.87,28.0,1
93.8,54.7,13.3,418,47.7,1789,249.4,-0.23,14.0,0
79.4,58.9,22.7,965,15.6,1375,179.9,-0.47,11.9,0
37.9,78.3,17.8,943,21.9,748,80.9,-0.42,13.3,0
36.6,53.4,16.3,518,15.2,1227,91.9,-0.39,11.7,0
19.1,86.5,10.2,737,34.6,1741,42.0,-0.49,8.7,0
172.7,87.8,19.3,1897,40.6,2076,588.4,0.65,25.0,1
34.7,53.5,23.5,633,47.4,1732,94.5,0.08,1.6,0
5.5,62.8,23.1,456,41.0,904,15.6,-0.41,2.3,0
32.0,84.0,14.1,655,21.6,2023,53.3,-0.33,7.1,0
28.9,73.9,17.9,621,6.7,1746,37.4,-0.3,6.0,0
33.3,33.8,28.1,1163,8.3,1631,83.9,-0.05,16.9,0
9.3,34.5,10.7,580,20.9,2091,14.9,-0.23,12.7,0
96.9,87.7,12.0,1431,41.6,1761,361.3,0.9,10.9,1
2.5,29.9,17.3,960,18.3,1867,4.1,-0.02,1.9,0
161.6,89.4,18.4,1237,37.9,1438,379.0,0.47,10.0,1
44.4,69.4,28.5,637,35.0,1244,114.5,0.15,16.9,0
202.4,94.7,12.0,1870,30.4,1175,758.3,0.53,14.2,1
20.4,87.3,19.5,386,33.4,1998,35.8,0.29,8.0,0
0,30.3,21.1,245,10.8,1481,0.0,-0.14,7.5,0
164.0,96.7,11.8,1424,44.3,2583,361.2,0.84,25.2,1
37.2,56.7,14.9,1137,31.6,1957,49.3,0.33,11.4,0
49.8,80.4,16.4,1301,34.7,1592,174.2,0.61,20.3,1
6.8,90.5,7.1,810,8.6,2495,20.2,-0.04,8.8,0
63.6,92.4,18.9,752,19.8,1600,174.8,0.05,18.6,0
195.3,75.1,11.8,1897,37.5,2760,448.2,0.61,23.4,1
21.8,57.5,23.5,1035,28.9,1744,38.1,-0.47,29.3,0
57.0,37.9,23.1,542,20.7,2516,136.4,-0.36,8.2,0
87.6,93.4,16.2,1593,31.3,1830,194.7,0.5,8.3,1
64.9,65.6,24.4,381,41.6,2296,142.4,-0.48,5.6,0
136.4,78.0,17.6,1418,48.3,1813,538.7,0.35,15.1,1
0,57.5,14.5,600,11.0,1733,0.0,-0.25,20.5,0
36.3,57.3,10.8,766,8.8,1525,75.9,0.31,11.6,0
150.2,79.2,11.1,1001,41.1,1766,533.6,0.62,17.4,1
154.4,100,17.6,600,37.7,1605,541.4,0.43,16.4,1
43.5,24.6,20.0,835,10.8,2374,108.2,0.39,0,0
91.7,20,22.3,165,22.8,1571,202.2,0.32,7.6,0
23.8,66.6,18.4,482,16.6,1283,56.6,-0.15,21.7,0
48.6,74.4,21.9,1424,22.0,2235,83.9,0.3,13.9,0
48.6,57.1,11.1,373,28.6,1640,124.3,-0.13,4.2,0
60.4,41.1,4.4,347,37.2,1051,108.5,0.15,6.7,0
201.7,96.5,8.1,1402,34.2,1782,508.4,0.61,24.6,1
29.3,50.8,22.2,898,16.2,2036,34.4,0.18,6.1,0
16.3,75.1,31.2,849,40.1,984,39.5,0.43,3.1,0
0,68.7,25.7,1041,38.5,2227,0.0,0.3,11.3,0
18.7,55.1,10.5,1800,22.6,1001,47.5,0.32,24.4,0
71.9,34.2,25.7,356,42.0,1735,98.1,0.47,1.6,0
40.0,56.8,25.3,822,29.5,1979,96.7,-0.15,21.9,0
3.0,59.9,33.4,553,23.4,1399,6.0,-0.33,17.0,0
59.1,81.8,20.0,298,32.1,1062,156.6,-0.47,18.2,0
44.1,42.1,10.9,329,32.1,898,69.6,0.46,10.1,0
47.9,34.2,21.1,812,35.0,1798,94.3,-0.3,5.9,0
11.2,56.5,6.2,857,24.2,1159,18.3,-0.03,15.6,0
140.3,91.6,12.5,1686,35.5,1700,523.4,0.41,13.1,1
70.6,61.7,12.6,349,23.9,1561,204.1,0.01,11.2,0
37.1,76.4,30.9,809,35.8,1109,72.0,0.04,13.7,0
0,55.7,8.5,498,32.5,1303,0.0,-0.43,8.3,0
32.6,45.5,34.1,669,44.9,2523,58.3,0.29,2.5,0
100.1,66.8,31.1,609,25.0,1893,194.9,-0.04,14.1,0
0,58.4,18.4,583,41.4,1552,0.0,-0.16,13.5,0
0,49.8,36.0,396,36.0,2257,0.0,0.23,9.0,0
69.2,63.4,35.7,592,27.1,952,169.0,0.08,14.0,0
73.3,65.5,18.2,668,22.7,1829,76.1,-0.19,9.1,0
121.2,80.3,16.1,733,49.1,1432,257.5,0.4,19.9,1
59.9,44.6,20.9,1007,44.5,1344,152.4,0.22,14.7,0
13.3,36.8,24.1,911,18.3,1473,39.2,-0.2,9.0,0
53.1,53.2,28.8,1189,17.8,1563,125.0,-0.12,13.0,0
66.3,20,24.2,466,21.3,2369,112.2,-0.06,9.7,0
197.1,69.9,10.7,1346,35.9,1503,489.8,0.77,10.9,1
22.6,55.5,11.1,947,38.9,2107,22.8,0.05,15.5,0
14.6,74.8,15.7,941,49.5,1288,41.1,-0.41,17.8,0
0,53.7,38.3,443,34.4,2522,0.0,0.42,16.0,0
29.4,98,14.1,1249,15.8,2247,35.7,0.48,10.5,0
202.5,87.3,-0.2,1427,45.3,1538,483.1,0.38,22.6,1
187.2,93.1,23.0,1498,30.0,1911,694.9,0.93,13.0,1
15.2,59.3,19.5,532,30.6,1942,22.7,-0.24,10.9,0
88.4,50.8,34.1,1136,26.0,1537,109.3,-0.19,8.0,0
0,59.4,20.0,452,41.5,2349,0.0,0.11,10.6,0
166.3,87.8,5.8,1073,45.1,1412,553.5,0.45,19.8,1
143.0,71.8,19.7,1561,39.1,1745,447.4,0.34,8.9,1
17.7,69.4,27.8,552,24.4,1783,20.9,0.01,17.6,0
0,66.2,19.3,728,7.4,1812,0.0,-0.1,14.0,0
0,75.9,24.1,1585,37.5,1773,0.0,-0.47,9.1,0
37.1,29.5,33.4,641,5,2354,65.5,0.37,14.9,0
11.2,48.2,13.5,542,17.4,1870,23.0,0.23,16.7,0
150.7,88.0,11.3,1828,30.5,1764,549.6,0.47,14.4,1
53.1,58.6,18.1,814,15.3,1704,54.8,-0.29,0,0
206.0,90.3,13.5,1309,39.5,1495,508.5,0.45,19.8,1
21.0,51.9,36.3,670,16.3,990,34.5,-0.2,4.8,0
121.1,83.2,13.3,1501,55.6,1638,463.0,0.74,9.6,1
48.1,85.1,17.7,759,16.5,1354,84.3,0.25,11.7,0
47.3,47.6,18.2,176,36.1,1272,138.9,0.06,13.0,0
167.8,77.1,3.2,1476,37.1,1859,425.7,0.77,12.9,1
45.8,51.7,22.9,220,14.3,1394,125.4,-0.17,11.0,0
28.4,68.7,21.1,1043,25.0,1632,40.0,0.42,18.2,0
35.5,42.6,14.6,641,24.1,2198,70.8,-0.4,16.7,0
25.4,74.9,18.1,369,31.6,1650,38.6,0.43,13.3,0
12.5,65.1,18.2,957,30.9,1091,28.9,0.18,9.5,0
94.9,46.8,14.8,962,40.5,1988,187.6,0.42,18.4,0
22.3,55.1,37.1,823,39.0,1349,56.4,-0.09,12.4,0
8.8,81.3,22.5,409,34.9,1254,17.3,-0.01,2.8,0
132.7,87.6,9.3,1356,41.5,1890,481.2,0.77,24.1,1
40,91.7,15.9,1531,49.1,2026,111.8,0.56,12.2,1
0,38.2,23.8,1150,33.4,1005,0.0,0.26,14.9,0
48.9,62.3,22.4,867,35.4,799,104.2,0.36,14.2,0
125.5,87.6,16.9,1986,46.9,1605,262.7,0.35,33.3,1
0,98,25.8,398,48.5,887,0.0,-0.1,4.8,0
159.4,93.1,17.0,1143,45.7,1683,559.7,0.4,30.8,1
25.9,65.9,21.6,171,32.4,1139,75.4,-0.1,18.7,0
57.5,62.7,31.3,684,10.3,2537,107.2,0.18,8.6,0
17.5,68.5,9.9,851,27.9,1431,43.4,-0.18,1.7,0
182.9,88.2,11.0,1583,43.5,2091,530.0,0.69,16.5,1
34.4,80.3,28.0,567,33.8,1471,40.2,0.4,15.7,0
75.2,56.8,25.8,957,30.4,1924,149.4,-0.44,4.2,0
44.6,72.1,24.8,709,39.0,1326,54.1,-0.2,7.8,0
5.9,81.8,24.4,447,15.7,2392,16.0,0.47,13.5,0
53.2,64.8,28.6,1470,19.2,1402,105.4,0.08,18.9,0
74.5,98.3,11.7,1492,30.1,1691,230.3,0.78,0,1
3.2,55.0,13.7,582,39.8,1974,5.8,-0.0,0.3,0
32.6,86.4,18.9,183,52.3,2285,63.8,-0.1,0,0
26.7,29.4,18.2,295,41.4,906,31.2,0.27,8.0,0
0,80.5,44.1,936,20.6,1146,0.0,0.47,9.2,0
143.1,78.3,13.5,1057,34.9,1524,507.2,0.71,20.7,1
25.6,63.3,28.6,890,29.8,1541,73.8,-0.36,7.5,0
191.0,79.0,14.7,971,44.7,1758,691.5,0.38,24.1,1
0,38.3,33.8,1440,25.2,1909,0.0,0.06,14.2,0
23.4,70.3,32.5,634,26.0,1350,51.1,-0.11,7.4,0
46.0,88.9,23.0,599,41.3,2205,63.2,-0.17,5.5,0
37.2,34.7,20.0,362,17.1,1205,100.1,0.12,7.1,0
22.0,45.4,19.5,617,28.3,1787,35.4,-0.32,7.5,0
0,71.5,28.0,867,38.1,1350,0.0,0.05,1.9,0
49.3,72.1,19.5,730,24.1,1654,62.8,0.32,16.9,0
20.6,52.6,14.4,886,15.2,1709,52.0,-0.21,10.7,0
110.5,86.9,4.5,1531,41.0,1397,246.0,0.38,20.3,1
0,62.3,19.9,627,12.7,1832,0.0,0.25,9.8,0
194.7,88.0,7.6,1850,20,2378,691.4,0.47,22.0,1
0,53.8,11.0,783,29.7,1692,0.0,-0.15,13.9,0
97.1,86.3,12.6,1162,38.3,2686,385.6,0.78,35.0,1
80.6,98,9.8,805,21.1,1853,195.3,0.33,6.6,0
11.9,41.3,16.4,589,15.6,1881,27.0,0.38,16.0,0
173.2,95.1,11.8,1654,37.8,2590,600.2,0.81,18.2,1
13.1,45.5,31.1,844,27.1,2119,18.7,-0.23,12.6,0
2.0,41.0,18.3,448,37.6,1818,5.1,-0.04,10.8,0
173.8,81.3,29.1,1403,43.6,2484,393.5,0.75,28.1,1
237.7,84.6,10.2,950,52.5,2103,620.6,0.79,24.9,1
96.4,77.7,20.8,1402,43.9,2112,323.9,0.31,13.1,1
0,51.5,24.0,966,29.2,1572,0.0,0.38,7.2,0
152.3,74.8,26.7,2000,46.1,2285,307.2,0.76,6.1,1
50.6,70.8,28.7,469,6.7,1797,126.7,0.09,11.4,0
59.6,56.4,26.1,886,36.0,1921,131.1,0.11,11.7,0
0,51.7,16.3,344,23.7,1594,0.0,0.4,5.0,0
12.9,60.3,11.3,701,5,1356,38.4,0.43,18.0,0
81.3,41.9,31.1,760,5,1612,92.3,-0.24,8.9,0
221.9,93.2,5.6,1382,31.7,1897,755.3,0.36,7.2,1
124.2,84.5,20.7,1558,53.9,1512,406.0,0.88,16.2,1
79.6,71.3,20.1,124,29.0,1676,148.8,-0.05,6.0,0
11.0,59.5,18.0,578,10.0,2237,22.5,0.28,22.7,0
39.1,68.1,23.2,467,38.0,1038,41.4,0.31,9.7,0
42.6,53.6,20.5,428,27.6,953,73.9,-0.24,10.0,0
68.4,82.3,15.0,1754,55.3,2118,170.3,0.63,14.6,1
43.4,74.3,14.1,1123,16.5,1215,79.5,0.22,12.6,0
182.6,91.6,1.1,1392,46.2,2552,723.6,0.97,26.1,1
163.5,92.0,9.6,1364,39.7,2057,426.4,0.74,27.8,1
0,48.6,22.7,504,38.7,1105,0.0,-0.49,6.3,0
43.7,79.7,8.1,715,24.8,1065,107.3,-0.4,0.3,0
33.0,80.9,45,1075,23.9,1385,93.8,0.4,0.8,0
23.3,67.5,21.5,833,28.0,1684,49.8,-0.07,7.9,0
32.3,74.0,16.3,1195,20.0,823,52.8,-0.23,13.6,0
40.7,51.0,19.6,872,34.6,1084,119.2,-0.29,14.1,0
28.3,69.1,28.7,1082,32.1,915,30.6,0.34,8.8,0
159.3,82.1,19.7,1297,34.4,2000,447.4,0.62,17.9,1
30.0,80.0,23.5,545,43.8,1671,89.0,-0.37,12.6,0
0,45.4,13.7,670,43.3,1781,0.0,-0.06,10.3,0
217.8,79.6,13.1,1477,35.3,1959,685.6,0.88,16.5,1
35.2,65.8,26.9,794,32.5,1699,78.8,-0.25,8.9,0
86.2,93.3,18.5,1491,43.5,2103,324.9,0.67,8.2,1
0,91.3,21.1,462,34.7,501,0.0,-0.11,11.3,0
125.3,93.1,22.3,1083,60,2345,383.3,0.84,39.6,1
139.7,84.5,10.1,1671,23.7,3160,340.7,0.89,27.2,1
0,87.2,24.8,546,9.9,1103,0.0,0.41,19.2,0
39.6,38.7,18.0,1038,52.5,2028,64.1,-0.01,5.3,0
143.8,93.6,13.8,1398,44.7,1768,325.1,0.8,31.5,1
0,83.7,23.5,1149,16.4,2166,0.0,-0.13,0.2,0
17.2,65.1,20.6,854,38.4,2619,44.4,0.46,7.8,0
12.5,45.6,4.8,749,18.1,1337,20.2,0.19,8.0,0
123.8,68.7,19.7,1305,60,1863,255.6,0.72,36.4,1
77.7,70.8,8.4,1715,50.2,1986,181.5,0.92,40.7,1
121.8,77.0,18.9,1187,39.4,2202,260.1,0.48,18.3,1
31.1,54.8,1.0,962,17.3,1145,37.4,-0.02,15.2,0
0,37.7,23.6,800,29.7,1255,0.0,0.45,13.3,0
39.6,57.4,12.0,806,22.4,1027,77.8,-0.47,5.4,0
67.4,92.5,24.0,816,26.8,1912,161.4,0.22,9.4,0
101.1,88.2,15.9,883,33.3,2115,288.7,0.51,24.2,1
11.1,52.9,26.8,730,23.9,1800,29.8,-0.19,4.4,0
54.4,79.0,27.4,948,44.1,1230,83.0,-0.03,14.8,0
137.9,90.8,14.1,955,46.3,2088,425.1,0.98,9.4,1
6.2,67.8,14.4,112,20.6,580,12.1,-0.42,12.0,0
20.8,39.3,33.6,385,18.9,975,25.8,0.26,18.1,0
119.3,63.4,18.1,100,38.8,500,269.0,0.33,18.1,0
233.9,78.6,19.4,1522,34.3,2114,597.0,0.62,27.8,1
0,41.4,20.8,554,27.9,883,0.0,0.42,4.7,0
53.1,68.8,14.8,639,16.7,1861,104.7,0.11,14.7,0
149.4,78.5,8.2,2000,44.1,1756,521.6,0.94,23.1,1
94.0,64.2,19.9,930,9.6,1641,112.5,0.37,20.8,0
100.8,66.5,16.4,326,32.2,1731,266.9,0.24,13.8,0
73.6,35.3,17.3,683,20.5,2151,93.6,0.35,11.1,0
131.7,95.6,4.1,1401,48.8,2444,335.6,0.88,11.8,1
18.1,53.0,29.6,755,19.8,1426,49.6,0.09,7.9,0
46.9,59.8,9.8,635,34.6,1939,137.4,0.36,16.7,0
17.8,47.2,20.6,733,28.2,761,18.1,0.41,5.1,0
85.8,87.8,24.8,1132,59.6,1638,236.2,0.54,11.4,1
66.4,90.5,16.7,1130,47.7,2187,220.8,0.89,9.9,1
65.9,57.4,25.7,1524,36.7,969,100.3,0.21,0.8,0
24.0,69.8,23.7,100,31.1,754,52.8,0.16,6.0,0
0,73.9,21.9,441,29.9,2365,0.0,-0.31,12.1,0
37.5,81.9,25.8,100,19.4,1075,100.9,0.34,12.7,0
117.9,92.3,17.3,1582,27.3,2146,314.9,0.36,29.0,1
28.9,44.6,23.7,439,24.4,2016,78.1,-0.03,15.3,0
0,94.1,29.3,100,24.9,1290,0.0,0.35,13.4,0
155.8,95.8,2.2,1124,33.3,1992,534.6,0.85,6.7,1
145.5,87.5,13.6,1325,53.4,2233,433.5,0.83,29.9,1
86.7,80.5,1.2,1844,38.4,1974,208.0,0.56,25.0,1
32.7,69.9,33.2,541,19.6,1440,41.1,-0.12,4.8,0
62.5,89.1,20.0,937,23.1,933,104.7,0.39,15.5,0
29.1,52.6,26.0,1336,17.8,1304,71.4,-0.37,12.5,0
12.0,54.1,14.2,1023,44.9,1838,18.1,0.03,28.5,0
64.0,58.0,20.7,585,15.4,1140,124.7,-0.35,15.2,0
9.8,48.9,15.8,324,23.3,2277,12.5,0.33,17.6,0
188.8,90.9,15.9,1464,45.1,1860,453.8,0.79,27.7,1
196.8,90.3,17.7,2000,39.7,1926,658.0,0.93,24.1,1
76.1,96.1,17.9,1377,36.4,1889,302.7,0.51,23.8,1
47.6,66.5,28.4,761,27.8,1190,117.9,-0.41,10.1,0
19.3,54.3,17.8,499,33.4,860,22.9,0.31,1.5,0
40,100,13.2,1693,48.5,1321,131.9,0.86,27.4,1
190.3,92.4,12.7,1054,45.4,2094,449.6,0.57,6.6,1
82.3,64.9,33.4,100,40.3,2423,100.9,-0.09,14.5,0
37.8,52.4,10.4,743,12.0,500,88.4,-0.16,3.4,0
25.2,52.3,18.8,507,16.5,2219,44.6,0.34,0,0
86.8,85.1,11.3,1741,27.3,2008,259.0,0.47,15.7,1
53.6,64.0,16.9,461,26.0,2152,139.5,-0.05,14.1,0
97.3,76.4,14.1,1647,45.0,1893,212.3,0.72,17.9,1
16.0,80.2,25.2,1131,34.0,1454,17.7,-0.28,2.6,0
42.7,34.0,24.0,669,20.2,1621,71.9,0.33,5.8,0
18.9,81.1,21.3,612,27.8,1836,46.0,0.22,16.5,0
182.8,95.2,11.5,896,43.7,1860,517.1,0.95,14.3,1
0,43.6,10.8,835,30.2,1527,0.0,0.03,23.4,0
54.6,38.7,23.0,865,22.0,887,68.6,-0.11,5.4,0
60.7,45.7,5.3,1255,39.6,1173,93.9,0.46,16.5,0
129.9,77.4,18.9,1398,33.3,1662,444.7,0.95,2.8,1
44.9,84.0,20.1,967,11.8,500,103.3,0.46,0.8,0
28.7,72.6,26.9,313,26.6,1341,71.6,0.34,4.6,0
192.2,76.1,12.7,1390,47.3,2372,461.2,0.83,21.5,1
174.8,94.5,6.2,1259,52.9,2619,385.4,0.91,21.0,1
68.1,37.7,16.5,617,28.8,725,107.3,0.16,15.3,0
14.6,75.4,21.0,654,24.5,1594,37.4,0.37,18.4,0
76.4,45.2,14.0,297,12.0,1404,195.0,0.46,9.0,0
51.0,64.3,26.6,409,24.2,1026,64.3,0.08,13.3,0
101.9,99.0,16.0,1543,38.9,2016,393.8,0.73,13.1,1
0,40.2,32.9,613,31.4,1676,0.0,-0.08,12.1,0
50.7,67.0,23.6,962,20.5,1869,127.0,0.03,21.2,0
28.6,86.7,22.7,100,32.3,1074,83.4,0.18,4.5,0
102.8,38.2,14.5,946,20.5,2677,271.8,-0.13,12.1,0
88.7,92.2,11.7,673,38.3,2396,272.8,0.31,35.4,1
98.6,75.9,18.2,1163,47.9,2202,335.8,0.98,19.8,1
0,59.8,17.4,439,27.3,1742,0.0,0.06,11.0,0
33.8,73.8,13.4,974,23.3,1638,79.3,0.03,4.7,0
0,36.0,15.6,1318,35.1,2291,0.0,-0.41,16.5,0
0,66.9,17.2,412,19.7,1543,0.0,0.3,0,0
104.0,80.2,2.1,1535,27.6,1217,323.1,0.69,32.0,1
207.3,88.3,-0.1,1232,35.5,2526,789.2,0.54,8.2,1
56.3,66.7,26.8,800,19.3,1975,152.3,0.35,19.8,0
68.9,59.3,15.7,624,29.1,1693,168.9,-0.01,8.5,0
46.0,80.2,28.5,912,19.9,941,74.1,0.08,12.5,0
9.9,71.8,21.3,713,25.2,1954,24.5,-0.06,11.7,0
14.1,74.4,15.8,538,31.6,1305,31.2,0.34,8.8,0
57.7,77.3,20.6,1323,28.5,1691,59.8,0.01,17.8,0
39.0,26.9,12.7,344,21.0,2165,99.5,-0.13,9.9,0
151.3,75.1,12.3,1724,32.0,1874,454.6,0.76,26.4,1
0,70.9,30.3,522,27.1,2296,0.0,0.24,7.2,0
14.5,69.8,19.1,708,23.0,1708,20.5,0.41,5.7,0
60.2,98,28.5,490,38.9,668,160.7,-0.24,8.5,0
53.5,83.3,14.3,1027,31.2,1082,93.8,0.41,4.4,0
26.6,39.4,22.8,419,17.8,1793,30.7,0.14,12.8,0
158.3,95.0,13.4,1253,41.8,2625,544.6,0.64,12.5,1
144.6,88.9,12.9,1777,42.8,2199,300.5,0.7,27.6,1
138.4,93.0,21.8,1295,38.6,1870,476.0,0.76,17.3,1
44.5,96.1,21.3,970,41.5,883,117.5,-0.32,3.7,0
24.9,88.8,17.2,975,18.9,1405,44.1,-0.39,13.5,0
96.3,51.0,24.2,980,31.5,1494,247.3,0.0,8.9,0
113.7,88.5,5.0,1060,51.0,1483,375.0,0.67,16.4,1
37.6,64.2,36.3,772,15.5,903,94.9,0.2,4.8,0
178.0,94.8,15.3,1990,36.6,2701,501.5,0.43,14.4,1
0,61.6,22.6,442,12.4,1409,0.0,0.15,15.2,0
172.2,81.4,10.8,1580,34.3,1292,486.7,0.85,10.4,1
33.7,59.6,28.8,438,38.0,1512,78.1,0.25,0,0
23.5,49.8,23.8,996,18.3,2137,56.3,0.21,18.2,0
249.4,91.8,15.8,1687,36.2,2161,538.7,0.33,20.2,1
78.1,57.6,9.5,638,5.2,906,206.2,0.14,6.3,0
38.8,64.9,15.8,1097,27.8,1239,52.0,-0.46,9.6,0
169.3,88.0,24.4,1390,35.2,2220,537.0,0.66,17.8,1
121.2,84.8,25.0,1639,36.2,2213,389.4,0.44,16.5,1
5.7,53.7,18.8,778,32.5,1783,16.5,0.3,21.8,0
10.8,35.3,16.4,1077,22.3,1705,31.6,-0.04,0,0
23.0,57.8,24.2,775,5,500,54.1,-0.27,4.0,0
110.0,93.9,22.9,701,29.4,1172,126.7,0.43,0.1,0
0,90.4,19.7,1422,16.0,598,0.0,-0.3,8.9,0
40,89.8,18.3,1272,36.8,2605,134.1,0.76,29.2,1
33.9,37.6,30.9,790,16.5,1200,100.7,0.4,14.7,0
0.1,72.6,18.7,769,37.9,2445,0.2,0.04,13.6,0
0,77.0,32.0,1432,21.5,1074,0.0,-0.49,11.9,0
74.8,49.4,18.0,489,22.8,922,129.5,-0.0,11.5,0
125.3,80.6,17.0,1207,41.8,2092,394.9,0.46,23.1,1
163.3,80.9,16.4,1862,56.1,2327,384.3,0.65,29.7,1
54.7,42.4,19.4,183,21.0,2211,116.8,-0.1,9.2,0
18.5,34.9,23.7,443,27.8,1188,53.0,-0.24,15.9,0
212.7,99.1,17.9,1354,29.7,1634,499.6,0.85,10.7,1
71.3,56.8,5.3,519,30.6,1411,95.2,0.31,7.5,0
0,42.8,23.8,606,28.8,1906,0.0,-0.21,9.1,0
211.5,73.0,18.1,1140,48.1,2304,500.8,0.32,16.2,1
0,23.6,21.0,583,27.3,1802,0.0,0.38,8.7,0
27.6,60.7,18.7,686,30.8,1014,44.7,-0.25,0,0
121.4,85.0,14.8,1339,31.8,1221,321.8,0.63,27.9,1
130.2,68.1,19.4,1339,35.3,1438,426.0,0.69,11.5,1
10.7,48.1,16.3,1006,28.6,1092,18.5,-0.24,10.0,0
30.4,69.5,16.0,662,25.2,2669,59.4,-0.49,3.2,0
23.2,72.6,29.7,713,14.1,1938,41.5,-0.34,9.5,0
0,58.5,30.4,733,42.0,2366,0.0,-0.22,4.2,0
43.0,42.7,25.1,548,21.5,2290,96.1,-0.23,7.2,0
117.5,97.4,16.3,1455,43.4,1824,405.9,0.46,30.6,1
94.3,88.3,9.9,1898,48.9,1894,337.9,0.53,28.9,1
40,88.5,11.7,1207,41.0,2301,146.3,0.39,5.6,1
30.4,90.9,9.7,872,35.9,1716,77.3,0.02,16.7,0
25.6,54.0,28.5,639,22.9,2160,38.6,0.14,7.2,0
215.9,77.6,14.6,1544,35.2,1637,504.1,0.49,28.3,1
200.2,100,16.7,1001,41.7,1780,463.5,0.36,20.5,1
138.1,34.2,20.0,625,15.4,987,356.7,-0.37,11.8,0
128.4,61.4,7.5,518,27.5,1425,163.0,0.4,4.8,0
3.0,65.8,20.3,516,28.6,2026,7.4,-0.22,16.5,0
0,69.5,23.9,634,32.5,1587,0.0,-0.12,10.2,0
237.9,89.9,14.7,1181,37.9,1324,732.2,0.57,8.7,1
23.8,48.0,17.4,608,21.3,1416,63.6,-0.37,9.7,0
42.0,79.8,30.5,927,32.6,973,86.2,0.2,9.8,0
63.4,97.5,30.0,789,36.2,1757,165.0,-0.44,8.4,0
63.6,52.9,13.5,1045,28.5,1248,68.8,-0.43,5.2,0
109.4,83.7,29.4,509,23.7,1227,246.2,-0.32,9.3,0
15.8,64.3,17.1,484,10.7,1790,43.7,-0.33,12.6,0
62.1,95.3,45,438,28.3,986,102.4,-0.13,27.0,0
0,72.2,14.0,457,28.8,2430,0.0,-0.25,16.3,0
20.9,52.4,-0.6,401,18.2,2023,33.5,-0.28,9.8,0
94.4,64.5,19.6,476,13.0,1389,269.2,-0.35,15.5,0
151.0,80.9,19.9,1458,54.5,2239,579.2,0.81,22.4,1
35.7,49.3,27.6,292,5.6,1097,78.2,-0.2,9.1,0
75.0,100,17.5,1081,52.0,1203,280.5,0.46,26.1,1
25.8,58.4,23.3,410,24.0,1737,53.7,-0.35,5.8,0
139.5,87.1,8.0,1020,43.6,1617,359.8,0.58,17.8,1
196.5,93.2,19.8,1492,48.1,2141,697.1,0.39,24.8,1
63.6,53.1,17.7,335,14.1,1605,162.4,-0.18,12.3,0
74.2,74.3,15.4,828,19.2,2206,77.8,-0.2,18.3,0
26.2,50.6,23.6,1232,30.1,1750,65.9,0.35,15.5,0
254.9,94.6,24.8,1131,40.6,1840,863.5,0.38,16.4,1
143.3,82.8,13.0,1170,39.1,1256,327.1,0.79,19.4,1
76.0,82.1,17.5,1449,37.0,2590,245.9,0.34,17.4,1
26.3,55.3,37.5,379,8.1,2598,60.5,-0.27,11.4,0
45.9,58.8,15.6,1252,18.7,1537,91.9,-0.04,11.1,0
135.3,80.9,13.0,1263,42.9,1687,439.8,0.47,24.1,1
0,59.7,10.4,262,39.2,1016,0.0,0.05,9.4,0
49.7,55.7,19.1,137,42.2,1067,72.3,-0.26,4.5,0
247.8,84.8,10.4,1729,41.2,2110,763.9,0.86,22.5,1
7.1,50.4,21.4,1518,24.3,2312,20.1,-0.18,21.0,0
46.7,57.1,15.2,1262,22.6,757,128.9,-0.09,4.5,0
50.0,93.0,10.5,622,42.2,1850,126.2,0.11,12.4,0
106.9,85.6,15.0,1855,32.3,2372,315.7,0.65,8.0,1
0,72.5,14.5,828,30.0,2433,0.0,-0.23,12.1,0
25.0,20,22.1,589,51.1,956,68.4,-0.01,7.0,0
189.3,86.1,15.0,1373,32.2,1688,659.7,0.72,28.2,1
73.7,37.7,13.3,657,26.4,1470,220.5,0.02,2.2,0
64.8,34.7,20.9,937,27.5,1258,172.1,-0.04,13.1,0
21.1,56.1,17.6,682,30.3,1119,51.6,-0.39,12.5,0
0,72.3,28.2,521,26.9,934,0.0,-0.05,4.9,0
101.0,71.7,16.8,943,42.8,2038,292.8,0.55,10.2,1
24.9,20,20.6,488,31.8,1726,53.1,0.16,0,0
161.3,84.3,12.5,1096,35.0,2537,466.6,0.74,21.1,1
157.9,83.6,10.8,830,44.0,1859,594.6,0.47,17.8,1
0,62.8,31.5,894,25.4,2229,0.0,0.06,10.9,0
125.9,86.8,12.7,1670,30.6,2077,483.6,0.33,12.3,1
52.8,84.2,12.6,404,10.4,1106,71.5,-0.04,0,0
84.9,85.7,19.5,1319,42.1,1446,219.5,0.39,22.5,1
23.5,81.8,9.8,629,21.3,1444,57.8,0.13,16.9,0
26.8,98,12.5,605,38.3,1352,80.1,-0.15,16.7,0
84.1,84.3,9.3,1143,44.7,2396,287.4,0.99,19.8,1
30.1,85.8,32.5,1041,5,1214,63.8,0.14,12.8,0
152.3,94.2,15.3,1151,32.9,1885,306.5,0.78,11.0,1
77.2,71.0,22.9,568,32.9,1079,200.3,0.15,0,0
0,32.8,15.0,638,27.2,1095,0.0,0.34,7.1,0
83.6,48.0,20.8,488,8.5,1956,245.7,-0.22,6.4,0
209.8,86.8,18.3,1074,31.7,2244,782.4,0.83,16.1,1
98.3,80.0,17.6,1426,48.7,2166,256.0,0.38,16.3,1
43.4,20.8,20.3,723,13.3,1664,59.9,0.42,9.2,0
0,82.7,34.7,1010,5,1481,0.0,-0.04,7.1,0
26.9,59.8,33.1,511,21.5,1481,52.0,-0.45,1.3,0
23.4,46.2,18.8,906,19.5,1742,38.3,-0.06,14.5,0
163.6,93.2,22.3,1440,34.6,1876,441.8,0.52,25.9,1
200.6,88.1,16.3,1193,35.2,1702,590.1,0.77,19.5,1
189.7,90.8,17.5,1764,27.3,1481,644.7,0.73,12.4,1
89.6,49.4,13.3,1197,22.2,1340,235.3,0.42,10.7,0
0,67.5,19.8,375,25.8,1954,0.0,0.12,15.1,0
11.8,43.9,9.8,944,17.6,2158,20.1,-0.04,11.3,0
147.7,77.2,15.9,1500,45.9,1249,391.7,0.75,20.6,1
0,38.5,27.8,100,17.0,1260,0.0,0.09,13.7,0
0,72.5,16.4,639,22.9,1428,0.0,0.07,2.0,0
33.9,28.5,17.0,1035,47.3,1817,89.1,0.27,11.2,0
0,60.9,34.4,998,41.4,897,0.0,-0.5,12.1,0
45.9,41.8,28.7,852,39.3,1336,129.7,-0.2,17.1,0
0,80.4,20.1,808,54.3,1675,0.0,-0.37,8.4,0
62.3,86.5,26.1,822,16.5,2245,91.6,0.2,0.8,0
15.7,76.1,14.6,955,19.1,1116,21.6,-0.12,20.2,0
96.3,99.9,13.9,1477,42.3,2536,286.3,0.61,19.3,1
73.2,73.1,14.4,867,28.3,939,135.5,-0.32,2.4,0
27.4,52.9,26.0,388,17.0,1810,54.9,-0.09,6.4,0
0,96.9,10.6,505,33.7,1974,0.0,-0.36,8.0,0
0,63.6,13.2,1256,34.9,2080,0.0,0.46,13.6,0
80.3,77.3,13.2,1491,32.3,2478,235.9,0.66,5.2,1
40.9,91.2,18.5,680,27.6,2336,100.4,0.06,5.3,0
110.0,88.8,31.3,1691,44.0,1378,283.1,0.36,2.4,1
136.6,92.4,17.6,1432,38.9,2089,434.9,0.41,21.2,1
39.7,46.9,19.2,371,31.1,652,66.9,-0.42,18.6,0
232.1,62.6,14.5,1428,34.2,1370,562.1,0.81,22.2,1
0,36.5,25.6,821,18.2,1852,0.0,0.25,4.3,0
23.1,50.0,22.7,732,23.9,2090,54.4,0.46,7.1,0
105.6,70.3,9.0,130,5,2065,286.9,-0.17,9.7,0
45.8,36.0,30.7,697,8.7,1321,76.7,0.19,7.9,0
68.6,84.5,14.5,1359,43.1,2008,198.4,0.45,16.9,1
172.0,100,21.7,1084,27.3,2443,587.6,0.38,14.5,1
65.0,79.2,30.4,472,45.8,1382,155.4,-0.25,0,0
46.9,72.8,19.0,118,34.6,1655,62.1,-0.43,4.7,0
6.7,70.9,40.6,976,24.0,2137,13.3,0.43,7.1,0
16.0,79.1,32.8,785,39.1,2276,19.3,-0.43,5.0,0
29.9,79.6,25.6,597,10.2,703,69.6,-0.23,6.0,0
0,20,20.2,379,25.6,2085,0.0,0.04,1.3,0
228.5,83.8,6.3,1444,46.9,1750,768.6,0.58,4.4,1
46.7,68.1,10.7,1691,44.3,1960,109.9,0.33,6.5,1
49.6,85.9,31.0,444,22.3,1763,112.4,0.24,12.5,0
47.7,42.6,16.9,1045,29.8,1381,127.3,-0.05,16.9,0
41.6,61.4,22.6,614,38.4,2213,97.1,-0.04,4.7,0
48.4,72.0,7.5,1561,41.0,1643,185.7,0.33,10.6,1
44.7,68.1,28.5,779,28.0,1069,60.0,0.09,11.2,0
14.9,63.9,16.6,806,15.1,2135,35.1,-0.18,0,0
13.1,55.5,29.3,244,26.2,932,21.9,-0.38,13.9,0
58.1,41.7,19.2,777,23.7,2384,129.3,0.28,16.8,0
134.4,88.1,15.1,1517,30.3,1219,380.7,0.87,19.7,1
64.0,81.8,8.4,798,49.9,1815,151.0,0.65,16.6,1
0,37.5,21.6,723,25.5,1849,0.0,-0.4,3.4,0
75.2,65.9,35.5,570,18.2,1909,178.3,0.47,20.0,0
53.3,84.0,33.1,816,22.7,2121,88.9,0.31,10.1,0
19.6,70.0,19.7,776,13.8,2392,47.9,0.09,18.5,0
46.6,85.7,15.6,1163,22.9,1802,115.4,0.37,7.0,0
47.4,22.3,23.6,1122,43.1,1125,60.3,0.22,11.7,0
53.2,58.1,30.6,1030,30.0,1699,143.8,-0.04,12.6,0
58.3,34.7,13.4,433,14.5,2239,158.0,-0.41,23.9,0
0,64.0,9.2,389,22.1,2396,0.0,-0.25,6.3,0
70.7,51.4,19.5,673,24.5,1742,137.3,0.27,9.8,0
84.0,86.2,17.3,868,34.3,1987,261.8,0.31,15.8,1
40,84.7,22.3,1689,44.9,1689,148.6,0.82,29.7,1
57.5,91.9,18.3,1183,41.9,1527,168.4,0.74,20.0,1
19.7,57.7,23.8,487,28.6,2190,51.0,0.29,7.5,0
199.8,79.1,27.6,1644,32.4,1155,443.9,0.56,12.4,1
107.5,85.2,13.2,1349,34.8,2193,239.4,0.63,17.3,1
0,38.0,25.3,1180,26.4,2061,0.0,0.18,9.6,0
42.5,38.1,22.8,1038,36.0,1331,67.3,0.12,3.3,0
90.0,49.0,24.7,660,33.6,1252,104.4,0.4,6.4,0
261.6,86.0,23.2,788,40.4,1343,676.6,0.98,16.5,1
51.8,72.3,11.2,849,24.1,1774,142.1,-0.27,18.2,0
13.7,45.7,31.6,514,36.9,1285,25.9,-0.2,0,0
147.5,83.2,13.6,1745,53.5,1775,309.0,0.55,13.4,1
35.8,56.5,15.6,1266,21.8,1340,46.8,-0.26,1.7,0
129.4,91.8,13.7,1591,38.0,1859,340.8,0.54,11.0,1
184.6,82.3,26.8,1109,45.3,2171,487.4,0.3,25.0,1
61.0,57.5,19.5,373,19.1,2763,180.6,0.07,14.7,0
66.1,34.3,26.4,626,5,2005,106.8,-0.1,15.8,0
15.5,62.6,32.8,846,18.9,1423,44.5,-0.22,17.4,0
36.1,56.4,19.0,503,24.5,1319,104.2,0.41,17.4,0
71.1,88.3,16.7,912,23.0,2054,210.1,0.37,18.3,0
59.5,92.4,21.3,569,42.6,2116,166.2,-0.36,8.8,0
50.5,66.3,6.1,796,28.7,1584,147.5,0.26,15.2,0
49.0,40.3,27.2,576,8.7,1809,86.4,0.05,12.9,0
183.7,74.5,11.4,1762,38.2,1921,368.3,0.48,32.6,1
11.9,38.4,8.1,397,30.8,1457,14.7,-0.22,5.8,0
82.9,72.1,13.0,511,34.5,1082,161.8,0.19,15.3,0
58.6,66.0,18.1,946,28.2,1795,77.7,-0.23,7.8,0
58.0,51.1,19.6,1057,36.1,1366,146.9,-0.32,18.3,0
62.7,83.4,11.2,599,17.2,1299,74.7,0.08,1.6,0
72.2,61.8,15.6,947,13.2,2527,87.0,-0.35,10.7,0
52.2,34.3,12.1,335,23.0,803,64.1,-0.04,6.8,0
187.5,71.5,8.9,1433,30.4,2460,708.6,0.72,18.6,1
0,92.5,24.6,802,44.4,1824,0.0,-0.37,13.4,0
108.2,75.0,23.1,1643,40.1,1782,239.7,0.86,15.2,1
138.5,87.9,16.2,1151,28.3,2082,333.9,0.93,0.4,1
127.0,90.8,22.1,810,47.0,1783,294.8,0.65,17.2,1
4.2,79.2,28.1,909,25.6,1746,11.8,0.04,14.6,0
49.8,67.3,9.5,688,16.1,2096,93.6,0.46,12.4,0
59.7,62.9,27.6,1358,43.8,1772,75.9,0.26,12.0,0
20.6,58.2,20.1,831,22.2,2262,33.5,0.48,2.8,0
161.9,91.2,10.9,1921,46.5,1304,381.9,1.0,19.8,1
59.7,71.9,20.2,594,31.3,1997,130.2,-0.4,24.8,0
77.6,95.2,13.2,641,26.3,2447,267.8,0.49,28.6,1
5.7,52.9,24.8,282,15.8,1933,12.6,-0.1,5.2,0
32.7,70.6,25.8,278,25.2,1752,36.2,-0.43,12.1,0
63.8,56.9,20.0,544,21.8,1444,73.6,0.25,11.2,0
51.8,83.1,8.1,1380,47.3,2220,202.3,0.32,10.2,1
59.6,51.0,18.9,968,22.5,1632,126.0,0.36,6.9,0
81.8,78.9,31.5,556,25.4,1267,193.9,0.07,2.1,0
55.4,43.0,14.7,921,38.6,1474,94.5,0.48,9.4,0
150.8,91.8,9.3,1397,38.1,2184,331.0,0.54,13.4,1
0,81.3,22.2,1134,6.6,997,0.0,-0.2,9.4,0
36.0,25.2,25.9,112,16.1,1520,78.3,0.49,19.2,0
0,74.9,23.3,571,20.9,1197,0.0,0.26,5.6,0
70.9,40.6,25.7,1003,10.6,1933,111.6,-0.45,3.7,0
9.6,67.4,21.8,568,27.5,1415,16.1,-0.43,12.2,0
86.1,91.3,5.6,1227,53.7,1445,206.7,0.58,22.1,1
0,68.9,22.7,753,19.2,646,0.0,-0.29,19.6,0
16.4,80.5,18.2,313,13.7,1009,37.0,0.02,13.1,0
42.0,68.2,19.3,467,17.0,1773,111.7,-0.44,11.8,0
64.6,51.6,17.1,454,18.9,1847,96.3,0.33,12.6,0
0,52.9,20.7,634,27.9,1828,0.0,0.3,8.0,0
11.7,80.2,19.9,1290,27.5,2186,32.0,0.4,14.1,0
0,79.9,38.2,1086,24.1,1328,0.0,0.23,16.7,0
12.6,98,16.2,693,45.8,1619,32.9,-0.17,13.1,0
0,79.1,22.7,1013,28.8,1844,0.0,-0.06,9.8,0
76.7,29.0,35.8,572,34.6,1073,211.6,0.44,0,0
16.1,27.4,42.7,803,9.9,1008,37.4,0.44,6.1,0
57.9,81.5,12.3,1675,38.0,1978,216.2,0.9,14.2,1
59.5,50.3,28.1,668,40.7,2100,87.5,-0.29,20.3,0
0,82.3,12.6,634,26.5,2222,0.0,-0.03,1.7,0
60.2,36.0,32.6,311,32.0,909,121.2,-0.15,1.2,0
0,55.9,22.5,1107,29.6,995,0.0,-0.1,2.3,0
24.3,66.9,27.3,1003,43.5,1421,61.4,0.35,5.8,0
0,30.9,23.8,669,40.2,2016,0.0,-0.09,0.5,0
225.8,74.5,17.2,1258,57.2,1610,743.8,0.74,36.0,1
65.3,86.5,10.5,1142,44.9,1889,178.7,0.96,21.4,1
129.5,79.6,19.8,1241,38.1,1722,443.8,0.43,27.0,1
73.4,83.8,14.1,1652,31.5,2226,246.2,0.59,17.8,1
47.6,71.8,21.2,1115,33.0,1336,112.7,-0.04,13.2,0
31.2,50.4,10.6,592,9.7,1566,37.1,-0.44,5.4,0
37.3,98,40.9,685,38.2,1462,93.1,-0.45,9.8,0
78.7,46.3,26.7,1076,22.4,1260,158.0,0.43,7.7,0
50.7,71.6,17.7,668,27.2,1701,63.7,0.37,15.1,0
0,52.4,38.0,315,14.0,1563,0.0,-0.18,15.2,0
31.7,49.7,29.1,350,26.0,1442,41.1,-0.27,14.5,0
36.1,20,32.2,778,23.7,1113,71.1,-0.01,17.4,0
42.1,53.1,35.4,1035,27.6,1875,84.9,-0.23,16.2,0
0.6,81.6,20.3,419,20.5,2357,1.4,0.39,14.8,0
108.4,77.0,7.7,1647,54.5,1670,250.1,0.36,23.7,1
0,83.2,19.0,1493,26.0,918,0.0,0.23,0,0
73.8,53.8,22.6,792,19.5,1253,82.0,-0.43,15.6,0
19.8,80.4,40.6,786,21.8,1779,50.7,-0.22,7.1,0
19.9,52.5,13.5,718,28.0,1196,47.2,-0.37,4.3,0
0,22.6,23.1,318,26.9,856,0.0,0.11,14.7,0
21.0,62.3,17.1,981,27.5,2351,27.5,-0.0,5.0,0
95.7,71.9,19.0,1232,40.6,2500,352.5,0.67,30.4,1
159.1,88.9,16.7,1440,36.8,1981,528.5,0.7,17.9,1
178.3,84.1,13.9,1300,35.7,2065,386.3,0.91,25.3,1
93.0,83.4,10.0,1032,38.0,2939,348.1,0.43,23.3,1
83.3,65.9,19.3,668,24.8,1828,162.8,0.19,12.5,0
76.4,54.8,10.9,735,34.3,1523,179.4,0.19,6.0,0
166.0,91.9,14.3,2000,42.1,2073,547.3,0.75,13.8,1
0,37.4,24.5,937,14.0,1729,0.0,-0.33,15.4,0
74.6,24.9,24.8,527,21.6,741,82.2,-0.49,5.2,0
7.6,20,29.6,301,14.5,1240,12.0,-0.01,2.0,0
34.1,45.6,8.7,227,26.2,1085,55.6,-0.44,8.9,0
0,70.1,3.1,723,16.2,2235,0.0,-0.21,12.0,0
182.9,91.3,26.9,1184,49.2,2221,413.8,0.51,8.2,1
94.1,51.5,15.9,267,30.1,740,253.0,0.12,8.0,0
87.0,68.3,25.9,591,22.2,500,139.8,-0.29,19.6,0
242.5,89.9,11.8,1538,48.0,1151,500.5,0.34,7.9,1
169.3,89.0,18.6,1249,46.3,2685,429.2,0.41,22.7,1
0,57.4,17.1,100,14.8,1810,0.0,-0.39,16.5,0
59.7,91.7,17.2,837,26.2,907,168.5,-0.34,1.2,0
84.6,91.4,13.7,1264,35.6,1612,192.5,0.89,10.3,1
43.5,61.0,36.6,507,35.0,2015,109.2,-0.14,13.0,0
63.9,84.5,16.9,802,28.3,1111,116.2,-0.04,16.4,0
0,69.9,22.8,1242,26.1,1797,0.0,0.48,9.1,0
218.2,93.1,9.4,1037,42.3,1821,712.0,0.8,12.8,1
88.8,78.1,19.2,1159,37.7,1860,179.0,0.5,0.5,1
77.7,46.6,16.9,767,8.1,1357,179.0,0.2,18.0,0
0,65.0,28.4,963,27.1,1472,0.0,0.49,0.3,0
192.9,93.6,4.0,1333,41.0,1980,693.1,0.71,18.8,1
90.3,68.7,21.7,970,28.6,1273,98.9,0.15,6.0,0
115.7,100,-2,1648,48.2,800,362.3,0.93,11.1,1
0,51.3,27.3,803,9.5,1229,0.0,-0.25,1.6,0
0,43.4,19.7,804,20.5,688,0.0,-0.44,15.2,0
4.3,45.0,29.2,391,18.6,1291,8.6,-0.08,12.9,0
66.8,51.2,36.7,607,28.2,1805,161.8,-0.37,6.6,0
44.3,90.1,20.6,1384,20.8,1229,141.9,0.59,32.4,1
127.1,87.0,17.3,1637,46.8,1881,377.7,0.85,24.7,1
192.0,100,6.2,1519,54.4,1696,517.9,0.91,18.3,1
0,49.7,33.3,393,9.2,1724,0.0,0.26,3.3,0
28.8,25.7,27.0,455,41.0,1337,42.2,-0.1,4.7,0
101.0,50.2,21.0,269,35.4,1015,216.5,0.3,8.0,0
78.1,83.1,12.6,1111,32.9,2391,185.8,0.63,21.4,1
89.8,89.0,22.7,753,26.7,1235,216.5,0.39,0,0
51.8,55.5,23.4,742,23.3,1122,140.9,-0.18,12.4,0
157.2,90.4,15.6,1546,39.9,2073,410.9,0.59,23.4,1
72.2,66.2,22.5,497,30.6,1222,126.4,0.33,12.8,0
164.5,100,8.0,1220,40.1,1506,366.9,0.34,10.0,1
37.8,49.0,25.2,879,19.8,2330,56.4,0.05,8.0,0
18.0,77.3,31.8,915,32.6,2856,31.4,0.49,11.5,0
0,76.8,17.4,1035,25.1,1798,0.0,-0.5,5.6,0
0,62.7,26.2,452,16.6,2168,0.0,0.01,19.4,0
46.2,54.4,29.6,818,28.8,1220,86.1,0.11,8.3,0
8.0,84.8,18.6,895,25.2,1051,11.9,0.48,6.4,0
62.6,87.5,23.2,688,24.5,535,146.8,-0.09,11.9,0
12.8,30.8,8.3,575,22.6,1438,13.6,0.33,5.8,0
0,73.0,8.2,582,29.9,1687,0.0,-0.04,0.8,0
6.7,64.3,28.4,730,33.3,1377,7.9,0.11,6.9,0
215.1,80.4,14.2,1275,57.0,1827,514.6,0.87,12.7,1
61.1,43.0,11.9,714,18.1,1055,144.5,0.07,12.9,0
150.5,87.4,21.8,1450,49.6,1953,505.1,0.99,12.9,1
3.8,57.2,13.8,578,38.2,1328,11.0,-0.45,15.9,0
16.0,55.9,33.9,422,27.0,1659,23.2,-0.22,0,0
26.6,60.6,23.1,817,23.0,1551,65.8,0.48,7.9,0
149.1,91.5,18.4,1305,37.4,1179,474.9,0.74,19.8,1
30.0,68.6,22.5,973,33.5,1751,77.6,0.44,11.3,0
0,43.3,14.5,791,26.8,2024,0.0,-0.43,11.1,0
187.2,83.8,11.3,1799,51.0,2142,583.8,0.51,15.4,1
40.6,62.6,32.8,676,23.8,936,112.1,0.12,17.1,0
86.5,48.0,15.2,776,26.6,1818,189.5,-0.43,11.0,0
7.7,51.0,17.3,276,32.6,1249,20.0,-0.44,11.5,0
0,77.9,22.2,441,38.0,1029,0.0,-0.19,6.8,0
180.0,77.7,9.3,1734,43.4,2304,511.9,0.44,4.4,1
213.6,80.4,9.2,1774,32.3,834,683.4,0.53,0,1
0,50.7,24.3,192,30.0,1940,0.0,-0.28,11.1,0
113.7,83.8,12.6,663,33.6,2472,274.1,0.43,25.6,1
137.0,91.9,14.6,1350,45.1,1315,286.0,0.32,11.0,1
187.7,100,12.9,1132,35.3,1816,383.5,0.89,19.4,1
26.2,37.1,31.7,1239,40.1,1474,68.6,0.16,14.2,0
150.7,51.0,34.1,283,30.1,1712,429.2,0.29,12.1,0
61.9,20,9.1,703,28.1,1359,128.2,0.29,7.4,0
88.9,70.5,32.9,280,45.4,1394,126.1,-0.42,1.3,0
153.5,74.7,13.5,1181,32.5,1453,405.8,0.56,18.1,1
21.2,39.5,21.1,1002,36.7,1285,22.8,-0.28,13.5,0
96.8,47.0,37.7,100,14.8,1155,122.8,-0.42,15.4,0
2.4,79.1,11.1,791,15.0,1851,4.4,0.3,7.6,0
184.8,89.2,22.6,1321,42.6,2164,607.5,0.85,10.0,1
41.0,64.0,27.2,748,27.9,2022,65.8,0.32,8.1,0
4.4,98,21.6,707,8.6,1656,7.0,0.32,9.6,0
0.6,70.4,11.8,489,13.2,1705,1.5,-0.35,6.6,0
45.1,38.6,23.5,813,8.6,1504,116.5,-0.19,3.4,0
149.8,75.7,15.6,1718,32.8,1761,472.6,0.39,19.0,1
28.3,68.3,15.7,301,32.4,887,58.7,-0.17,15.9,0
164.9,70.4,22.4,2000,34.6,2394,528.7,0.73,33.0,1
40,80.4,18.7,1454,43.6,1503,151.6,0.37,14.3,1
127.9,87.3,11.4,1078,41.2,2040,502.1,0.5,19.2,1
213.0,97.0,16.6,1680,54.0,1702,473.2,0.68,20.5,1
109.2,78.8,24.8,582,27.9,2111,264.2,-0.03,0,0
0,32.6,21.8,694,26.2,1714,0.0,0.31,11.7,0
90.8,40.2,11.8,797,24.3,1189,250.8,-0.04,7.1,0
65.0,76.9,6.9,1503,45.4,2426,189.5,0.94,10.4,1
94.6,84.7,18.2,1326,44.4,1668,308.0,0.5,28.7,1
2.8,64.3,31.1,1080,24.4,1799,3.4,0.27,9.9,0
4.5,64.2,13.1,687,38.8,1942,11.2,-0.12,9.7,0
0,68.9,22.3,932,20.6,1595,0.0,0.05,3.1,0
166.1,86.6,18.9,880,40.7,1967,365.6,0.51,10.2,1
129.2,89.0,5.0,1561,46.2,1922,432.8,0.45,20.1,1
63.1,31.9,14.0,331,32.9,1300,102.0,-0.45,20.3,0
31.8,75.7,18.6,709,29.4,500,53.2,-0.31,18.5,0
43.3,96.6,26.4,159,28.0,1863,79.3,-0.39,6.4,0
196.9,90.7,21.2,1541,38.5,1985,462.2,0.58,25.3,1
0.2,72.8,35.5,922,19.4,1212,0.2,-0.28,7.4,0
74.8,77.9,27.9,1284,23.8,2199,164.5,0.48,23.4,0
0,20,19.5,447,11.3,820,0.0,0.35,4.6,0
33.5,44.8,18.0,562,19.4,500,49.1,0.12,0.6,0
9.3,87.5,22.5,283,34.0,1778,14.8,-0.35,10.5,0
39.3,24.5,10.8,682,16.1,1474,99.1,0.02,18.5,0
12.7,48.1,37.3,786,21.4,1925,26.4,0.41,7.7,0
7.2,55.3,11.3,506,31.0,1549,19.7,-0.43,10.2,0
121.7,84.7,14.7,1526,27.4,1485,470.2,0.47,29.3,1
56.5,57.6,16.1,801,31.8,1480,128.3,-0.23,16.4,0
112.2,83.3,18.1,808,13.9,1814,277.1,0.26,14.5,0
59.5,76.5,22.0,1438,22.0,1710,205.5,0.48,15.4,1
0,65.0,19.6,628,32.4,2026,0.0,-0.31,17.0,0
33.3,20,23.0,1441,15.3,1195,76.0,0.09,15.0,0
106.6,69.8,14.3,957,28.7,2103,161.0,0.41,8.8,0
0,49.5,10.6,300,6.4,1566,0.0,0.31,5.5,0
5.9,35.1,18.2,515,10.5,1809,8.9,0.1,21.0,0
111.4,89.5,5.4,1662,36.0,1163,338.3,0.43,9.1,1
42.8,47.9,15.2,1444,19.7,1188,69.2,-0.09,16.9,0
83.5,78.9,6.2,1307,43.7,1893,233.5,0.52,0,1
30.8,59.1,33.2,897,10.6,1486,76.0,-0.33,3.4,0
195.3,96.1,27.3,876,44.5,1955,462.0,0.83,20.6,1
181.9,83.3,8.1,1100,43.3,1723,470.4,0.56,16.8,1
61.6,33.4,23.7,786,27.1,1601,133.4,0.49,9.3,0
134.0,87.9,-0.1,867,41.3,975,394.8,0.54,11.0,1
44.4,93.2,21.9,1114,19.6,1476,76.0,-0.17,11.4,0
65.4,91.3,12.1,780,47.0,2316,244.5,0.5,13.4,1
0,40.6,14.1,394,26.6,2156,0.0,0.31,26.2,0
130.2,89.9,15.9,1151,29.7,2087,364.6,0.73,25.4,1
48.1,98,12.1,1106,8.0,1559,66.9,-0.36,5.0,0
0,44.5,17.8,695,27.5,1195,0.0,0.05,12.6,0
15.0,79.8,29.8,712,31.9,1615,17.7,-0.07,1.2,0
73.0,95.0,33.2,406,26.4,1979,142.5,0.4,12.3,0
43.2,58.8,18.6,482,6.1,2375,95.1,0.14,5.7,0
18.4,31.2,13.6,991,6.8,1227,48.2,-0.28,11.9,0
154.2,86.9,-0.1,1395,36.0,1372,602.6,0.7,29.6,1
197.3,91.8,23.6,713,36.8,2245,662.7,0.86,7.2,1
131.6,80.1,18.6,1237,41.1,2614,394.8,0.62,12.6,1
61.5,81.1,25.9,257,18.0,1350,183.3,-0.38,19.4,0
28.9,70.0,13.8,617,15.7,2047,76.8,-0.29,9.4,0
50.1,34.0,37.2,895,30.0,2122,89.4,0.48,3.7,0
0,44.4,19.8,300,5,1624,0.0,-0.22,4.0,0
53.3,93.4,18.7,798,25.2,941,139.1,0.35,8.3,0
86.5,96.0,21.0,1357,44.3,2032,300.2,0.31,31.0,1
0,47.6,26.5,688,35.0,1438,0.0,0.43,23.4,0
216.7,100,19.4,1164,31.3,2452,608.5,0.32,15.9,1
63.9,88.9,22.4,1277,31.3,2333,229.4,0.76,20.8,1
0,55.9,33.5,598,28.7,2103,0.0,0.01,13.5,0
81.5,83.4,12.5,1891,41.4,1657,241.9,0.75,8.5,1
166.4,100,19.1,1454,35.1,1931,517.9,0.68,16.5,1
0,61.6,11.1,459,26.3,1351,0.0,0.47,13.0,0
16.7,69.8,31.2,748,20.1,1834,22.1,0.06,13.0,0
125.5,71.0,14.4,689,14.9,1456,362.8,-0.5,5.5,0
110.4,65.4,10.5,330,29.5,1394,328.1,-0.15,3.1,0
34.0,68.0,24.5,500,28.2,1991,90.6,0.46,6.6,0
15.4,77.4,30.1,906,28.5,803,27.7,-0.42,18.8,0
71.3,93.6,11.8,1374,37.2,800,242.0,0.43,9.9,1
66.9,45.2,16.9,1234,50.7,1495,147.7,-0.42,10.6,0
188.6,94.4,21.9,1573,35.3,2174,480.3,0.91,18.2,1
34.9,77.2,20.5,1240,39.0,1963,56.3,0.32,18.7,0
0,54.9,28.7,416,8.4,934,0.0,0.45,5.8,0
50.6,81.7,20.0,216,14.1,1342,51.6,0.01,10.5,0
174.2,93.6,13.8,1302,36.7,829,594.9,0.47,8.3,1
90.6,100,13.1,1159,39.9,1043,340.9,0.87,26.4,1
83.3,26.0,16.2,844,28.4,1709,204.9,0.44,11.0,0
40.4,40.2,18.9,1241,6.8,1071,99.4,-0.02,13.3,0
103.2,59.5,19.4,410,8.6,866,257.2,0.21,7.1,0
60.4,86.6,-0.7,1675,25.2,1360,194.2,0.98,16.1,1
61.4,45.2,22.5,817,31.4,1092,178.4,-0.08,5.8,0
173.3,93.2,11.7,904,36.7,2149,448.3,0.45,22.6,1
7.7,54.7,15.7,1357,13.4,869,8.2,-0.04,4.9,0
2.7,48.0,17.3,681,25.8,1848,4.6,-0.4,7.5,0
66.2,71.0,24.3,827,19.2,1623,153.1,-0.27,6.0,0
48.0,73.6,35.3,950,31.8,1758,82.0,-0.07,7.0,0
46.0,51.3,22.9,780,12.0,2108,128.9,-0.34,12.2,0
67.9,58.1,30.3,188,19.4,1501,171.7,0.38,4.8,0
89.7,44.0,19.0,793,26.6,1665,117.6,0.0,10.5,0
4.4,33.0,40.3,675,14.4,1458,11.1,-0.25,16.7,0
102.2,87.6,15.3,804,46.0,1889,372.1,0.44,14.1,1
0,48.6,21.9,1101,24.4,1360,0.0,-0.46,6.8,0
63.3,51.8,19.4,612,34.7,1761,102.1,0.13,10.6,0
61.5,34.2,21.3,621,32.5,1511,112.9,-0.18,15.5,0
155.8,88.7,13.9,1193,22.8,2053,343.0,0.43,25.2,1
19.4,62.4,22.8,134,18.6,1198,33.4,0.28,18.6,0
0,78.8,24.0,986,29.0,1428,0.0,-0.38,0,0
0,70.3,33.6,806,23.2,1161,0.0,0.49,8.4,0
137.3,85.6,16.7,1754,39.7,2719,509.0,0.93,34.8,1
18.4,51.9,4.8,985,29.3,2138,19.2,0.1,7.0,0
37.4,64.0,9.0,484,19.3,829,67.1,0.18,21.0,0
42.9,88.0,8.1,1456,32.0,1866,99.5,0.45,23.1,1
74.9,38.1,9.9,830,16.6,1533,107.9,0.21,6.5,0
130.1,88.2,15.7,1772,53.3,2185,465.9,0.75,15.2,1
167.5,79.1,19.5,1402,33.9,1664,362.9,0.79,5.8,1
12.9,47.8,17.4,1217,31.5,1758,37.8,-0.32,6.2,0
0,48.4,24.5,186,38.0,2113,0.0,0.15,15.8,0
0,65.2,16.8,653,38.1,1897,0.0,-0.27,0.6,0
0,88.5,26.2,805,32.9,2514,0.0,-0.01,8.9,0
68.4,90.6,17.2,1077,46.8,2040,170.4,0.94,19.3,1
64.6,73.0,19.9,161,17.2,1306,67.3,0.33,10.7,0
68.3,88.0,16.5,1663,48.8,2938,267.4,0.37,19.8,1
1.1,84.0,24.7,1028,15.0,1391,1.5,-0.17,11.1,0
39.8,53.6,19.1,763,20.8,1427,106.4,-0.36,16.9,0
66.5,62.9,29.0,1050,28.1,2616,117.7,0.38,11.3,0
118.1,90.9,15.8,1671,37.9,1750,454.3,0.94,15.3,1
12.6,53.1,11.4,623,22.6,1342,29.4,-0.2,12.3,0
97.8,98.2,9.6,1899,34.0,1862,196.0,0.95,14.9,1
115.5,82.2,6.6,1704,42.0,1455,246.5,0.7,24.3,1
129.9,93.1,13.9,1203,44.6,1354,367.3,0.86,23.7,1
46.4,35.2,22.2,1012,12.6,1611,95.8,0.32,4.1,0
60.6,35.6,16.2,695,9.4,1604,181.1,-0.48,10.5,0
106.1,49.3,28.9,802,36.7,783,279.9,-0.21,17.3,0
84.0,71.5,18.9,748,22.0,2429,202.3,-0.12,21.7,0
187.0,86.3,11.3,978,53.6,2241,699.6,0.32,15.9,1
155.2,74.7,9.4,1512,44.1,1873,527.2,0.51,4.7,1
0,86.8,19.8,468,36.5,2457,0.0,0.25,9.1,0
29.9,44.3,7.2,168,18.7,2116,72.3,-0.08,6.6,0
199.8,86.4,17.1,1379,42.6,2440,487.1,0.43,17.7,1
0,68.2,13.8,534,38.2,1740,0.0,0.15,6.8,0
155.6,90.0,4.7,1049,46.4,1957,479.7,0.35,7.0,1
0,35.7,18.4,933,26.6,2238,0.0,0.29,8.9,0
92.7,100,19.6,1415,38.4,2295,221.5,0.83,14.7,1
0,75.1,26.7,693,20.4,1701,0.0,-0.12,6.8,0
47.3,48.1,27.2,973,28.3,1454,115.3,0.38,13.1,0
0,84.6,39.5,218,23.3,930,0.0,0.29,0,0
0,87.3,6.7,966,26.5,1111,0.0,0.11,13.1,0
39.1,27.5,22.2,1079,40.8,500,100.2,-0.41,5.4,0
94.6,100,16.6,1607,37.7,2031,223.1,0.84,17.5,1
196.5,96.3,7.9,1498,43.2,1797,730.6,0.58,17.0,1
46.0,55.3,11.7,1130,34.2,1456,108.8,0.01,9.0,0
101.2,41.2,14.1,687,17.5,1627,273.9,-0.21,9.3,0
124.3,89.8,8.9,1616,47.5,2148,408.3,0.93,14.7,1
33.2,95.4,13.0,723,18.4,1393,99.4,-0.01,14.6,0
2.0,62.2,26.5,742,11.0,1734,3.3,-0.47,5.3,0
9.7,47.7,28.5,601,25.6,2434,23.0,-0.23,0,0
41.5,63.4,16.4,842,20.2,616,85.1,0.17,9.3,0
234.0,94.0,10.8,1404,35.2,1656,690.5,0.78,24.8,1
124.6,80.9,11.9,1121,54.0,1944,398.0,0.35,12.5,1
0,98,20.4,678,8.7,1484,0.0,-0.35,13.1,0
100.1,91.2,13.9,902,35.9,1613,266.8,-0.37,0,0
181.3,92.4,30.4,1069,44.8,2096,488.8,0.97,24.7,1
24.7,58.6,22.6,650,34.4,1243,67.6,0.2,6.1,0
0,46.5,30.0,195,22.5,1835,0.0,-0.32,12.4,0
0,55.3,28.9,321,17.5,1756,0.0,0.43,22.2,0
0,80.7,29.0,470,18.1,766,0.0,-0.4,10.2,0
22.1,57.7,19.9,1004,26.9,2143,38.9,-0.3,7.0,0
33.4,75.9,17.8,900,10.9,1597,58.4,-0.28,9.3,0
168.5,83.7,19.6,946,34.9,2052,640.4,0.59,22.6,1
32.0,73.6,8.5,481,19.7,3120,47.5,0.47,5.2,0
82.2,76.2,16.5,1026,47.8,2312,325.1,0.42,26.0,1
6.1,86.2,30.4,276,24.6,1806,13.8,-0.24,0,0
52.4,56.2,29.1,878,15.7,1114,55.3,0.21,12.1,0
23.2,59.5,17.8,294,29.1,1367,64.9,-0.2,13.5,0
31.8,91.3,25.1,199,20.7,1262,91.3,0.13,4.9,0
89.7,77.6,16.1,1591,44.1,2039,268.1,0.55,15.8,1
0,73.3,25.1,716,28.9,1550,0.0,-0.12,4.9,0
100.5,61.1,23.0,868,36.7,1501,296.7,0.49,9.1,0
0,45.1,29.2,1114,30.9,1454,0.0,-0.48,6.6,0
28.5,69.5,25.7,601,31.2,1435,43.8,-0.02,0,0
4.3,78.6,18.4,1177,13.0,1616,7.7,-0.31,14.3,0
77.2,56.5,29.8,257,16.4,1265,224.5,-0.01,19.9,0
0,73.8,26.5,316,16.7,1269,0.0,-0.13,8.5,0
126.5,97.4,15.5,1186,36.5,2167,497.2,0.55,7.8,1
158.8,94.4,15.4,1127,50.5,2158,435.7,0.85,23.0,1
170.4,83.7,19.9,1580,23.6,1534,545.9,0.67,15.0,1
128.0,98.8,22.8,1002,55.1,2283,364.0,0.83,15.1,1
180.0,91.1,7.3,1713,39.5,2074,477.7,0.57,21.4,1
19.0,85.2,36.7,100,32.0,1384,51.0,-0.1,20.6,0
71.9,86.1,12.2,1847,48.1,1846,252.2,0.58,11.7,1
11.4,82.9,12.3,988,6.4,1874,33.5,-0.38,4.2,0
189.4,89.1,14.3,1609,44.3,1737,443.3,0.43,10.1,1
0,88.5,40.6,654,30.2,1314,0.0,-0.39,12.2,0
25.5,35.0,12.5,677,31.1,1960,31.9,0.36,15.1,0
99.3,29.7,14.6,869,33.8,2026,214.1,0.16,15.2,0
25.4,62.1,28.2,664,29.0,652,58.9,0.24,5.6,0
257.8,98.1,14.9,1418,43.1,2622,612.5,0.37,20.7,1
75.2,79.2,11.5,575,35.2,1936,212.7,-0.28,15.9,0
99.6,54.3,8.1,656,28.1,1973,132.3,-0.19,15.9,0
87.2,97.4,7.0,1438,56.9,1937,289.8,0.62,19.8,1
158.8,86.5,10.9,1472,30.5,1893,334.5,0.49,27.5,1
59.2,46.7,25.1,370,32.7,1027,110.5,0.18,8.7,0
53.8,56.8,24.0,727,24.6,1784,64.7,-0.27,3.1,0
0,83.6,29.7,872,19.6,1841,0.0,-0.21,20.1,0
28.4,52.0,9.6,691,16.6,1662,79.9,-0.26,9.1,0
157.4,91.6,12.0,1739,40.7,1774,397.9,0.35,22.3,1
58.4,40.7,32.4,625,17.5,1628,71.2,0.32,0,0
0,49.2,21.2,781,28.5,1325,0.0,0.23,19.2,0
28.1,80.8,21.1,737,15.5,2229,78.2,0.27,18.1,0
0,80.8,29.9,692,23.0,2576,0.0,-0.36,8.4,0
32.0,89.6,29.4,653,24.8,1272,93.1,0.14,22.0,0
14.6,75.8,16.8,1055,21.8,1528,40.5,-0.11,19.0,0
60.1,59.4,31.4,793,17.4,2173,112.2,-0.04,20.4,0
122.4,97.2,12.7,1267,31.8,2512,397.5,0.77,34.9,1
15.1,91.4,24.3,708,22.2,2256,16.7,-0.19,2.0,0
171.1,87.9,19.6,1277,55.5,1553,395.3,0.36,6.2,1
173.1,87.9,11.9,1337,41.8,2344,469.0,0.87,12.5,1
2.2,71.4,25.6,617,33.2,906,3.6,0.08,6.5,0
35.9,69.2,15.6,615,36.1,1931,81.0,0.05,1.3,0
80.3,72.5,28.6,429,46.6,1469,149.0,-0.08,3.4,0
74.1,64.0,30.1,617,25.5,909,118.9,-0.26,6.9,0
28.6,46.3,19.3,710,15.0,1555,74.8,0.37,10.4,0
41.1,62.0,27.6,319,22.7,1796,65.0,-0.02,9.0,0
40.8,46.5,10.3,892,27.2,2107,81.2,-0.28,17.8,0
47.7,47.8,13.0,1537,36.5,1623,113.3,-0.39,18.2,0
140.0,92.4,16.3,840,42.5,1773,314.1,0.58,18.9,1
58.7,28.8,7.8,539,16.7,701,131.2,-0.07,7.5,0
13.1,54.0,17.9,680,12.4,1191,30.6,0.46,10.7,0
12.8,44.4,20.8,565,15.9,1862,13.5,-0.04,9.2,0
28.0,36.7,8.6,635,23.0,2670,54.2,0.22,1.5,0
186.7,87.1,18.4,1121,32.7,2409,519.3,0.34,13.8,1
2.9,44.8,32.7,755,17.1,1634,5.2,0.42,4.9,0
1.8,74.2,16.3,370,40.5,1219,3.7,-0.37,3.3,0
107.9,46.5,16.5,1263,30.4,1722,130.8,0.43,12.3,0
36.1,20,26.7,245,26.8,2669,48.7,0.39,10.2,0
87.8,85.0,12.1,1467,37.4,1946,323.2,0.95,7.1,1
19.2,43.4,32.4,673,27.4,1963,36.0,-0.21,11.1,0
49.8,64.2,17.1,332,18.1,1435,130.5,0.39,6.5,0
0,72.4,26.6,784,22.2,509,0.0,-0.0,13.9,0
0,45.0,30.9,548,23.0,2082,0.0,-0.43,12.6,0
148.5,81.4,17.2,1547,34.2,1687,363.5,0.96,23.4,1
17.5,93.2,28.7,816,24.2,728,50.1,0.0,4.6,0
80.7,69.7,28.9,917,31.8,1406,85.5,-0.16,9.6,0
61.5,74.5,29.7,631,5,1068,90.5,-0.43,0,0
